{
    "metrics": {
        "auc_score": 0.8136183757028129,
        "accuracy": 0.7163784822286263,
        "f1": 0.4865217391304348,
        "precision": 0.3483810709838107,
        "recall": 0.8061959654178674
    },
    "n_files": 1,
    "target": "binary_label"
}