{
  "auc_score": 0.7537908295891502,
  "accuracy": 0.8049951969260326,
  "f1": 0.5009219422249539,
  "precision": 0.4367631296891747,
  "recall": 0.5871757925072046
}