{
  "auc_score": 0.8039155088074811,
  "accuracy": 0.8167627281460135,
  "f1": 0.553540081919251,
  "precision": 0.4660098522167488,
  "recall": 0.6815561959654178
}