{
  "auc_score": 0.6356722711757427,
  "accuracy": 0.7053314121037464,
  "f1": 0.35044997353096874,
  "precision": 0.2769874476987448,
  "recall": 0.4769452449567723
}